Model,Accuracy,Precision,Recall,F1-Score
KNN (k=18),0.3564356435643564,0.35672067206720676,0.3564356435643564,0.34500281118847775
Decision Tree (depth=5),0.7722772277227723,0.7973135775115974,0.7722772277227723,0.7765217597925006
Random Forest (n=200),0.7623762376237624,0.7733942625031734,0.7623762376237624,0.7660586255669903
